Issue Type,Summary,Description,Priority,Labels,Story point estimate,Parent
Tarea,Inicializar repositorio Nahuelito22/Zaha con protección de rama main,Repositorio público. Rama principal `main` protegida.,High,epica-1 infra owner-nahuel,,
Tarea,"Configurar monorepo (/app, /supabase, /ml_engine)",Estructura de carpetas del monorepo compilando sin errores.,High,epica-1 infra owner-nahuel,,
Tarea,Aislar credenciales en la cuenta dedicada zaha.cdss@gmail.com,"Supabase, Jira y Hugging Face van con la cuenta dedicada. GitHub va con la cuenta personal. Autenticar con la equivocada rompe el acceso sin dar un error claro.",High,epica-1 infra owner-nahuel,,
Tarea,Configurar integraciones base (Astro + Tailwind) para la landing,Setup de la landing pública.,Medium,epica-1 infra frontend owner-nahuel,,
Tarea,Activar el ruleset Don't-Merge-Before-Pr en GitHub,"El ruleset existe pero está en `enforcement: disabled`. Sin activarlo, la protección de `main` es nominal: nada impide un push directo.",Medium,epica-1 infra owner-nahuel,,
Tarea,Documentar el flujo git: Nahuel_Develop -> PR -> main,"Todo el trabajo va sobre `Nahuel_Develop`. Nunca push directo a `main`. Deja rastro revisable de cada cambio, que además sirve como evidencia académica.",Medium,epica-1 infra owner-nahuel,,
Tarea,Sumar a Gustavo y al tercer integrante como colaboradores del repo,Acceso de lectura al repositorio para el trabajo académico.,Low,epica-1 infra owner-nahuel,,
Historia,HU-02 — Motor Determinístico de Cálculo NEWS2,"Como enfermero/a de sala, quiero un sistema que devuelva el puntaje exacto de riesgo instantáneamente, para conocer la gravedad del paciente y evitar el cálculo mental manual.

Prioridad de negocio: Alta | Riesgo en desarrollo: Medio | Puntos: 5 | Iteración: 1
Programador responsable: Nahuel Ghilardi

Validación:
* El sistema automatiza el cálculo de la escala validada internacionalmente NEWS2.
* El algoritmo categoriza el riesgo de inmediato, reduciendo la fatiga mental y la carga cognitiva del profesional.
* El cálculo es reproducible: mismo input, mismo score, siempre.",High,epica-2 backend owner-nahuel,5,
Tarea,"Migración de esquema: profiles, patients, encounters, vital_records, alerts","Escrita, sin aplicar.",High,epica-2 backend owner-nahuel,,
Tarea,CHECKs de rango fisiológico plausible en vital_records,"Escrita, sin aplicar.",Medium,epica-2 backend owner-nahuel,,
Tarea,7 funciones puras news2_score_* + news2_risk_level,"Escrita, sin aplicar. Funciones puras para que sean testeables de forma aislada.",High,epica-2 backend owner-nahuel,,
Tarea,Trigger de cálculo automático y emisión de alertas,"Escrita, sin aplicar.",High,epica-2 backend owner-nahuel,,
Tarea,Desacoplar la escala de SpO2 del oxígeno suplementario,"La escala 2 de SpO2 es una prescripción médica, no un derivado de si el paciente tiene O2 puesto. Vive en `encounters.spo2_scale`.

Escrita, sin aplicar.",High,epica-2 backend owner-nahuel,,
Tarea,Denormalizar spo2_scale_used para reproducibilidad histórica del score,"Si mañana cambia la prescripción, el score de ayer tiene que seguir siendo reproducible con la escala que se usó entonces.

Escrita, sin aplicar.",Medium,epica-2 backend owner-nahuel,,
Tarea,Separar recorded_at de created_at,"El momento en que se tomó el signo vital no es el momento en que se cargó al sistema. Confundirlos rompe cualquier análisis temporal.

Escrita, sin aplicar.",Medium,epica-2 backend owner-nahuel,,
Tarea,RLS: helper current_profile_role() + políticas por rol,"`SECURITY DEFINER` para evitar recursión en las políticas.

Escrita, sin aplicar.",High,epica-2 backend owner-nahuel,,
Tarea,Guardas anti-escalada de privilegios en las políticas de profiles,"Un usuario no puede cambiarse el rol a sí mismo.

Escrita, sin aplicar.",High,epica-2 backend owner-nahuel,,
Tarea,Suite de 21 casos clínicos contra las funciones puras,"Éxito = cero filas devueltas.

Escrita, sin correr.",Medium,epica-2 backend qa owner-gustavo,,
Tarea,Aplicar migraciones al proyecto remoto y correr los tests,"Supabase remoto está vacío: cero migraciones, cero tablas.",High,epica-2 backend owner-nahuel,,
Tarea,DECISIÓN: definir si vital_records pasa a append-only con enmiendas versionadas,"Hoy `vital_records` es editable y sobrescribe. Para valor legal debería ser append-only: un registro clínico no se pisa, se enmienda dejando el original visible.

*Bloquea la Épica 3*: cambia el modelo que consume el frontend, así que hay que resolverlo ANTES de escribir la PWA, no después.",Highest,epica-2 backend decision owner-nahuel,,
Historia,HU-01 — Módulo de Carga Rápida de Signos Vitales,"Como enfermero/a de sala, quiero cargar signos vitales desde la tablet, para registrar el estado del paciente de forma instantánea en el punto de cuidado sin requerir papel.

Prioridad de negocio: Alta | Riesgo en desarrollo: Bajo | Puntos: 3 | Iteración: 1
Programador responsable: Gustavo Garcia

Validación:
* La interfaz permite ingresar rápidamente los 7 parámetros vitales rutinarios.
* Diseño adaptado a pantallas táctiles, targets de 44 px mínimo (se carga con guantes, de pie, en una tablet).
* Un vital sin cargar se marca explícitamente: un NEWS2 sobre datos incompletos no es un NEWS2 válido y la interfaz tiene que decirlo.",High,epica-3 frontend owner-gustavo,3,
Historia,HU-06 — Dashboard de Triage Dinámico,"Como jefe/a de enfermería, quiero visualizar un panel de control con el nivel de riesgo de todos los pacientes internados, para delegar la vigilancia cruzada de parámetros vitales y distribuir la carga laboral equitativamente.

Prioridad de negocio: Media | Riesgo en desarrollo: Medio | Puntos: 5 | Iteración: 3
Programador responsable: Gustavo Garcia

Validación:
* La interfaz lista a los pacientes dinámicamente según las alertas activas y el puntaje de riesgo NEWS2.
* Consume los datos del backend en tiempo real.",Medium,epica-3 frontend owner-gustavo,5,
Tarea,Scaffold SPA React + Vite + TS para /app,ADR-001. Se descartó app nativa/APK.,High,epica-3 frontend owner-nahuel,,
Tarea,"Landing en Astro: producto, tecnología y créditos de datos",ADR-001: Astro sólo para la landing.,Medium,epica-3 frontend owner-nahuel,,
Tarea,Aplicar la capa de marca (design_system/brand.css) a landing y login,"Paleta tierra completa: terracota, salvia, Caprasimo + Figtree.",Medium,epica-3 frontend design owner-nahuel,,
Tarea,Aplicar la capa clínica (design_system/clinical.css) a /app,"Neutros de alto contraste. Rojo, ámbar, naranja y verde quedan reservados en exclusiva para los 4 niveles de riesgo NEWS2. Codificación redundante siempre: color + texto + forma, nunca sólo color.",High,epica-3 frontend design owner-nahuel,,
Tarea,Autenticación Supabase Auth + selección de rol,"Roles: Enfermero de Sala, Médico, Jefe de Enfermería.",High,epica-3 frontend owner-nahuel,,
Tarea,Formulario one-click de carga de los 7 parámetros vitales,Optimizado para tablets y móviles.,High,epica-3 frontend owner-nahuel,,
Tarea,Vista de detalle de paciente con desglose del score por parámetro,"El enfermero tiene que poder ver de dónde sale el número, no sólo el total.",Medium,epica-3 frontend owner-nahuel,,
Tarea,Indicador de antigüedad de la medición,"Un NEWS2 de hace 6 h no vale lo mismo que uno de hace 10 min, y la interfaz no puede presentarlos igual.",Medium,epica-3 frontend owner-nahuel,,
Tarea,Dashboard clínico con orden dinámico por riesgo,,Medium,epica-3 frontend owner-nahuel,,
Tarea,PWA: manifiesto + service worker con vite-plugin-pwa,ADR-001.,Medium,epica-3 frontend owner-nahuel,,
Tarea,Cola offline con Dexie y reconciliación al reconectar,ADR-001. En una sala sin señal la carga no se puede perder.,Medium,epica-3 frontend owner-nahuel,,
Tarea,Auditoría de accesibilidad: contraste y codificación redundante,Verificar que ningún nivel de riesgo se comunique sólo por color.,Medium,epica-3 frontend qa owner-gustavo,,
Tarea,Validación clínica de los mockups con datos ficticios,"Sector Clínica Médica, 24 camas CM-01..CM-24, HC de 8 dígitos, nombres verosímiles de Mendoza.",Low,epica-3 frontend qa owner-gustavo,,
Historia,HU-03 — Motor de Inteligencia Artificial y Alertas Predictivas,"Como médico/a de guardia, quiero recibir alertas predictivas de deterioro (como shock séptico o paro cardiorrespiratorio) horas antes de la descompensación, para aplicar intervenciones tempranas y preventivas.

Prioridad de negocio: Media | Riesgo en desarrollo: Alto | Puntos: 8 | Iteración: 2
Programador responsable: Nahuel Ghilardi

Validación:
* El modelo analiza la tendencia en el tiempo de los 7 parámetros vitales.
* La IA funciona como copiloto y NUNCA toma decisiones finales.
* Métrica principal: tasa de alertas a sensibilidad igualada a NEWS2 (referencia a batir: 37,6 alertas por 100 pacientes-día). No AUROC, no accuracy.",Medium,epica-4 ml owner-nahuel,8,
Tarea,BLOQUEANTE: completar el credentialing de PhysioNet,"El curso CITI ya está aprobado (Active). Falta la solicitud de credencial: verificación de identidad revisada por humanos + un referente que responda un mail.

Va con el instituto real, job title `Student`, país Argentina, y la profesora de Prácticas 3 como referente (avisándole antes). Declarar 'MIT' se rechaza, y un rechazo complica reaplicar.

*Riesgo #1 del cronograma*: la revisión tarda de días a semanas y la entrega es en noviembre de 2026.",Highest,epica-4 ml bloqueante owner-nahuel,,
Tarea,Firmar el DUA específico de MIMIC-IV-ED,Bloqueada por el credentialing.,High,epica-4 ml owner-nahuel,,
Tarea,Pipeline de ingesta con datos sintéticos,"Permite desarrollar toda la tubería sin esperar la credencial de PhysioNet, que es el bloqueante largo.",High,epica-4 ml owner-nahuel,,
Tarea,Descarga y limpieza de MIMIC-IV-ED,"ADR-002/006: MIMIC-IV-ED, no MIMIC-IV completo.",High,epica-4 ml owner-nahuel,,
Tarea,Esquemas de validación estricta con Pydantic / Pandera,,Medium,epica-4 ml owner-nahuel,,
Tarea,Implementar la definición de etiqueta v2,"y=1 si {UCI o muerte} ocurre en (t+1h, t+24h]. Lookback de 24 h, ventana ciega de 1 h.

NUNCA usar 'NEWS2 >= 7' como etiqueta: sería circular.",Highest,epica-4 ml owner-nahuel,,
Tarea,Split por paciente (nunca por fila) y control de fuga temporal,"Partir por fila mete al mismo paciente en train y test, e infla todas las métricas.",High,epica-4 ml owner-nahuel,,
Tarea,Análisis exploratorio de datos (EDA) en notebooks,,Medium,epica-4 ml owner-nahuel,,
Tarea,Baseline XGBoost sobre el snapshot actual,La literatura muestra que XGBoost sobre el snapshot iguala a LSTM/Transformers sobre series de 48 h. Es el baseline a batir.,High,epica-4 ml owner-nahuel,,
Tarea,LSTM sobre series de 48 h — hipótesis bajo prueba,"ADR-005: la LSTM pasó de protagonista a hipótesis bajo prueba. Si no aporta sobre el baseline, eso también es un hallazgo válido y reportable en la tesis.",Medium,epica-4 ml owner-nahuel,,
Tarea,Comparativa de tasa de alertas a sensibilidad igualada,"Baseline vs XGBoost vs LSTM. Nunca reportar accuracy: la prevalencia es 0,22-5%.",Highest,epica-4 ml owner-nahuel,,
Tarea,Exportar el modelo elegido a ONNX,ADR-004. TensorFlow descartado: import lento y contenedor de ~2 GB.,Medium,epica-4 ml owner-nahuel,,
Tarea,Documentar el caveat de rendimiento de NEWS2 en urgencias,"NEWS2 rinde peor en urgencias: sepsis AUROC 0,66, COVID 0,59. Va declarado en la tesis, no escondido.",Medium,epica-4 ml academico owner-tercero,,
Historia,HU-04 — Interfaz de Alertas Explicables y Flujo One-Click,"Como profesional receptor de alertas, quiero recibir notificaciones tempranas que no sean una 'caja negra', para tomar decisiones clínicas fundamentadas de manera ágil.

Prioridad de negocio: Alta | Riesgo en desarrollo: Medio | Puntos: 5 | Iteración: 2
Programador responsable: Gustavo Garcia

Validación:
* El sistema explica POR QUÉ alerta.
* Flujo 'One-Click' implementado: validar o posponer.
* El diseño mitiga la fatiga de alertas integrándose directamente en el flujo de trabajo.",High,epica-5 frontend ml owner-gustavo,5,
Tarea,API REST con FastAPI sirviendo el modelo con onnxruntime,ADR-004.,High,epica-5 backend ml owner-nahuel,,
Tarea,Desplegar la API en Hugging Face Spaces,Cuenta Zaha-CDSS.,High,epica-5 backend ml owner-nahuel,,
Tarea,Edge Function de Supabase que envía el historial del paciente a la API,,Medium,epica-5 backend owner-nahuel,,
Tarea,"Degradación elegante: si el Space duerme, NEWS2 sigue funcionando","ADR-004: el NEWS2 determinístico NUNCA depende de la API de IA. Si el Space está dormido, la app sigue funcionando degradada, no rota.",Highest,epica-5 backend frontend owner-nahuel,,
Tarea,Explicabilidad de la predicción: contribución por parámetro,Sin esto la alerta es una caja negra y HU-04 no se cumple.,High,epica-5 ml owner-nahuel,,
Tarea,Mostrar la predicción en /app separada visualmente del score determinístico,"El usuario tiene que poder distinguir 'esto lo calculó la escala' de 'esto lo estimó un modelo'. Va en violeta punteado, fuera de la escala de colores NEWS2.",High,epica-5 frontend design owner-nahuel,,
Tarea,Flujo One-Click: validar / posponer alerta con registro del acuse,,High,epica-5 frontend owner-nahuel,,
Tarea,Medir la tasa de alertas real de la app y compararla con la referencia,"Cierra el círculo con el objetivo del proyecto: si la app genera más alertas que NEWS2 solo, contradice su propia tesis.",High,epica-5 qa ml owner-gustavo,,
Historia,HU-05 — Estructura de Datos FHIR y Trazabilidad Legal,"Como administrador del sistema, quiero asegurar la interoperabilidad provincial y el registro inalterable de cada alerta emitida, para protección legal del enfermero e institución.

Prioridad de negocio: Alta | Riesgo en desarrollo: Alto | Puntos: 8 | Iteración: 3
Programador responsable: Nahuel Ghilardi

Validación:
* El sistema se estructura bajo el estándar HL7 FHIR para conectarse al Bus de Interoperabilidad provincial.
* Utiliza recursos FHIR específicos: Observation, Patient (identidad) y RiskAssessment.",High,epica-6 regulatorio backend owner-nahuel,8,
Tarea,Mapear el esquema propio a recursos FHIR,"Observation, Patient, RiskAssessment.",High,epica-6 regulatorio backend owner-nahuel,,
Tarea,Log de auditoría inalterable de cada alerta y cada acuse,Es la contracara de la decisión append-only de la Épica 2.,High,epica-6 regulatorio backend owner-nahuel,,
Tarea,Encuadre SaMD y disposición ANMAT 9688/19,,Medium,epica-6 regulatorio academico owner-tercero,,
Tarea,Cumplimiento Ley 25.326 (datos personales) y Ley 27.706,,Medium,epica-6 regulatorio academico owner-tercero,,
Tarea,Documento de gestión de riesgos del dispositivo,,Medium,epica-6 regulatorio academico owner-tercero,,
Tarea,Redacción del marco teórico de la tesis,,Medium,epica-6 academico owner-gustavo,,
Tarea,Actualizar el TP con las decisiones nuevas,"Reencuadre del ADR-005 (de precisión a tasa de alertas), MIMIC-IV-ED en vez de MIMIC-IV, ONNX en vez de .keras, y el producto pasa a llamarse Zaha.",Medium,epica-6 academico owner-gustavo,,
Tarea,Manual de usuario para personal de enfermería,,Low,epica-6 academico owner-tercero,,
Tarea,Presentación final de Prácticas Profesionales 3,Los tres integrantes.,High,epica-6 academico owner-tercero,,
